danceability,energy,key,loudness,mode,speechiness,acousticness,instrumentalness,liveness,valence,tempo,type,id,uri,track_href,analysis_url,duration_ms,time_signature,
0.707,0.618,1,-5.825,0,0.19,0.17,0,0.293,0.517,133.876,audio_features,08SB2OtZkaliju77WYEKxk,spotify:track:08SB2OtZkaliju77WYEKxk,https://api.spotify.com/v1/tracks/08SB2OtZkaliju77WYEKxk,https://api.spotify.com/v1/audio-analysis/08SB2OtZkaliju77WYEKxk,231498,4,
0.506,0.601,0,-8.647,0,0.0975,0.638,0,0.129,0.648,74.111,audio_features,2vdposMtmLoanI0pflut4F,spotify:track:2vdposMtmLoanI0pflut4F,https://api.spotify.com/v1/tracks/2vdposMtmLoanI0pflut4F,https://api.spotify.com/v1/audio-analysis/2vdposMtmLoanI0pflut4F,132973,4,
0.786,0.858,11,-3.74,1,0.0675,0.0487,0,0.126,0.649,112.999,audio_features,0BJMgVrnWIvgYsjq8KaPeh,spotify:track:0BJMgVrnWIvgYsjq8KaPeh,https://api.spotify.com/v1/tracks/0BJMgVrnWIvgYsjq8KaPeh,https://api.spotify.com/v1/audio-analysis/0BJMgVrnWIvgYsjq8KaPeh,194600,4,
0.645,0.658,0,-8.517,0,0.0653,0.266,1.82e-05,0.128,0.53,139.968,audio_features,21DN44aYlSoyfOQcboC0IP,spotify:track:21DN44aYlSoyfOQcboC0IP,https://api.spotify.com/v1/tracks/21DN44aYlSoyfOQcboC0IP,https://api.spotify.com/v1/audio-analysis/21DN44aYlSoyfOQcboC0IP,151714,4,
0.627,0.618,2,-8.529,1,0.0437,0.0558,0,0.351,0.848,82.03,audio_features,6M4jdLdM7wLGungMV9gsCS,spotify:track:6M4jdLdM7wLGungMV9gsCS,https://api.spotify.com/v1/tracks/6M4jdLdM7wLGungMV9gsCS,https://api.spotify.com/v1/audio-analysis/6M4jdLdM7wLGungMV9gsCS,197443,4,
0.584,0.888,11,-9.411,0,0.0349,0.192,4.23e-05,0.0931,0.672,93.211,audio_features,7urtwZEtOypb3r8HNi42dT,spotify:track:7urtwZEtOypb3r8HNi42dT,https://api.spotify.com/v1/tracks/7urtwZEtOypb3r8HNi42dT,https://api.spotify.com/v1/audio-analysis/7urtwZEtOypb3r8HNi42dT,203600,4,
0.676,0.417,2,-7.551,1,0.113,0.0479,0,0.109,0.487,147.895,audio_features,5xGqh5mjKgOhp9TOlFeCcJ,spotify:track:5xGqh5mjKgOhp9TOlFeCcJ,https://api.spotify.com/v1/tracks/5xGqh5mjKgOhp9TOlFeCcJ,https://api.spotify.com/v1/audio-analysis/5xGqh5mjKgOhp9TOlFeCcJ,182037,4,
0.39,0.607,3,-8.056,1,0.303,0.632,0.000162,0.138,0.347,161.625,audio_features,3pcxxaUxAMSfz2zgetHydD,spotify:track:3pcxxaUxAMSfz2zgetHydD,https://api.spotify.com/v1/tracks/3pcxxaUxAMSfz2zgetHydD,https://api.spotify.com/v1/audio-analysis/3pcxxaUxAMSfz2zgetHydD,189906,4,
0.647,0.385,0,-13.717,0,0.0295,0.402,0.0569,0.117,0.66,113.982,audio_features,55DyBUkjebkcYhDGfEXitR,spotify:track:55DyBUkjebkcYhDGfEXitR,https://api.spotify.com/v1/tracks/55DyBUkjebkcYhDGfEXitR,https://api.spotify.com/v1/audio-analysis/55DyBUkjebkcYhDGfEXitR,258714,4,
0.77,0.713,6,-8.108,0,0.247,0.00045,0,0.724,0.781,102.0,audio_features,6WaXnBrjm9QlNYfncRqtei,spotify:track:6WaXnBrjm9QlNYfncRqtei,https://api.spotify.com/v1/tracks/6WaXnBrjm9QlNYfncRqtei,https://api.spotify.com/v1/audio-analysis/6WaXnBrjm9QlNYfncRqtei,183083,4,
0.849,0.424,5,-9.579,0,0.324,0.0635,0,0.0834,0.153,145.887,audio_features,2BcMwX1MPV6ZHP4tUT9uq6,spotify:track:2BcMwX1MPV6ZHP4tUT9uq6,https://api.spotify.com/v1/tracks/2BcMwX1MPV6ZHP4tUT9uq6,https://api.spotify.com/v1/audio-analysis/2BcMwX1MPV6ZHP4tUT9uq6,242966,4,
0.638,0.375,0,-11.508,0,0.345,0.756,0,0.153,0.328,93.471,audio_features,5cwnxz6QPfbOf731UPqphs,spotify:track:5cwnxz6QPfbOf731UPqphs,https://api.spotify.com/v1/tracks/5cwnxz6QPfbOf731UPqphs,https://api.spotify.com/v1/audio-analysis/5cwnxz6QPfbOf731UPqphs,281112,4,
0.501,0.264,11,-9.409,0,0.0414,0.71,0,0.102,0.495,75.28,audio_features,7gpIj4wMeTKptFxetrNKzY,spotify:track:7gpIj4wMeTKptFxetrNKzY,https://api.spotify.com/v1/tracks/7gpIj4wMeTKptFxetrNKzY,https://api.spotify.com/v1/audio-analysis/7gpIj4wMeTKptFxetrNKzY,200473,4,
0.438,0.54,4,-9.456,0,0.0519,0.223,0,0.141,0.389,118.581,audio_features,1luvsaicSpNDRLgOtRZxWO,spotify:track:1luvsaicSpNDRLgOtRZxWO,https://api.spotify.com/v1/tracks/1luvsaicSpNDRLgOtRZxWO,https://api.spotify.com/v1/audio-analysis/1luvsaicSpNDRLgOtRZxWO,197094,4,
0.74,0.547,6,-9.021,1,0.0624,0.456,0.000291,0.0714,0.961,120.604,audio_features,3jWBAsNrv60t5mAfgbr8WD,spotify:track:3jWBAsNrv60t5mAfgbr8WD,https://api.spotify.com/v1/tracks/3jWBAsNrv60t5mAfgbr8WD,https://api.spotify.com/v1/audio-analysis/3jWBAsNrv60t5mAfgbr8WD,147245,4,
0.616,0.694,7,-10.898,1,0.0411,0.664,0.858,0.145,0.732,93.298,audio_features,2lDODk7inZnmUHbIjUnIwP,spotify:track:2lDODk7inZnmUHbIjUnIwP,https://api.spotify.com/v1/tracks/2lDODk7inZnmUHbIjUnIwP,https://api.spotify.com/v1/audio-analysis/2lDODk7inZnmUHbIjUnIwP,111787,4,
0.756,0.672,9,-5.711,0,0.0373,0.252,0.000341,0.117,0.327,113.975,audio_features,39382sUtIOwIXftX0i76do,spotify:track:39382sUtIOwIXftX0i76do,https://api.spotify.com/v1/tracks/39382sUtIOwIXftX0i76do,https://api.spotify.com/v1/audio-analysis/39382sUtIOwIXftX0i76do,204453,4,
0.805,0.51,4,-6.179,0,0.0569,0.0357,0.000469,0.108,0.36,127.983,audio_features,081Shn2hU3YxvQmGaCPegr,spotify:track:081Shn2hU3YxvQmGaCPegr,https://api.spotify.com/v1/tracks/081Shn2hU3YxvQmGaCPegr,https://api.spotify.com/v1/audio-analysis/081Shn2hU3YxvQmGaCPegr,207295,4,
0.574,0.739,11,-7.032,1,0.0824,0.353,0.517,0.14,0.505,174.003,audio_features,4DU0IacckQaoeY2ps6P5R3,spotify:track:4DU0IacckQaoeY2ps6P5R3,https://api.spotify.com/v1/tracks/4DU0IacckQaoeY2ps6P5R3,https://api.spotify.com/v1/audio-analysis/4DU0IacckQaoeY2ps6P5R3,148216,4,
0.477,0.747,11,-7.188,1,0.0333,0.00437,0.011,0.158,0.578,150.997,audio_features,6y6bUurXB0FfhddEU5Qch0,spotify:track:6y6bUurXB0FfhddEU5Qch0,https://api.spotify.com/v1/tracks/6y6bUurXB0FfhddEU5Qch0,https://api.spotify.com/v1/audio-analysis/6y6bUurXB0FfhddEU5Qch0,184549,4,
0.726,0.728,11,-5.775,0,0.0408,0.239,0,0.177,0.566,115.047,audio_features,1De7cOMrdUnVpjWBaowMg4,spotify:track:1De7cOMrdUnVpjWBaowMg4,https://api.spotify.com/v1/tracks/1De7cOMrdUnVpjWBaowMg4,https://api.spotify.com/v1/audio-analysis/1De7cOMrdUnVpjWBaowMg4,225502,4,
0.346,0.126,2,-16.89,1,0.0347,0.985,0.463,0.0771,0.0761,92.959,audio_features,1GTC0DN9LGOdP0NdvoHyX7,spotify:track:1GTC0DN9LGOdP0NdvoHyX7,https://api.spotify.com/v1/tracks/1GTC0DN9LGOdP0NdvoHyX7,https://api.spotify.com/v1/audio-analysis/1GTC0DN9LGOdP0NdvoHyX7,315640,4,
0.759,0.436,0,-11.233,0,0.0419,0.33,0.0113,0.102,0.782,94.03,audio_features,4PvbbMYL4fkToni5BLaYRb,spotify:track:4PvbbMYL4fkToni5BLaYRb,https://api.spotify.com/v1/tracks/4PvbbMYL4fkToni5BLaYRb,https://api.spotify.com/v1/audio-analysis/4PvbbMYL4fkToni5BLaYRb,185307,4,
0.353,0.73,7,-11.021,0,0.0343,0.39,0.863,0.136,0.427,168.234,audio_features,44RsKGDmlPsKp7On9eTV1R,spotify:track:44RsKGDmlPsKp7On9eTV1R,https://api.spotify.com/v1/tracks/44RsKGDmlPsKp7On9eTV1R,https://api.spotify.com/v1/audio-analysis/44RsKGDmlPsKp7On9eTV1R,284907,4,
0.774,0.596,0,-14.093,1,0.0531,0.00192,0.0998,0.0574,0.511,136.794,audio_features,1kIrVGnCuXHTsEpkftL2NT,spotify:track:1kIrVGnCuXHTsEpkftL2NT,https://api.spotify.com/v1/tracks/1kIrVGnCuXHTsEpkftL2NT,https://api.spotify.com/v1/audio-analysis/1kIrVGnCuXHTsEpkftL2NT,275027,4,
0.573,0.289,2,-9.532,1,0.0953,0.199,1.05e-05,0.101,0.0393,99.96,audio_features,5Mv7yjian35AddlklJgg1v,spotify:track:5Mv7yjian35AddlklJgg1v,https://api.spotify.com/v1/tracks/5Mv7yjian35AddlklJgg1v,https://api.spotify.com/v1/audio-analysis/5Mv7yjian35AddlklJgg1v,177542,4,
0.807,0.704,5,-5.496,0,0.071,0.0245,0,0.0535,0.961,115.995,audio_features,14k4ALBLN2FjtELYDcQUoi,spotify:track:14k4ALBLN2FjtELYDcQUoi,https://api.spotify.com/v1/tracks/14k4ALBLN2FjtELYDcQUoi,https://api.spotify.com/v1/audio-analysis/14k4ALBLN2FjtELYDcQUoi,219387,4,
0.602,0.59,0,-6.346,0,0.0279,0.318,0.000166,0.104,0.381,130.08,audio_features,7iqQz931tn59mK6IZ3knRx,spotify:track:7iqQz931tn59mK6IZ3knRx,https://api.spotify.com/v1/tracks/7iqQz931tn59mK6IZ3knRx,https://api.spotify.com/v1/audio-analysis/7iqQz931tn59mK6IZ3knRx,274293,4,
0.62,0.0385,7,-23.873,1,0.0436,0.964,0.955,0.108,0.261,101.567,audio_features,1si4LMfNyV9FkWrfqeelVk,spotify:track:1si4LMfNyV9FkWrfqeelVk,https://api.spotify.com/v1/tracks/1si4LMfNyV9FkWrfqeelVk,https://api.spotify.com/v1/audio-analysis/1si4LMfNyV9FkWrfqeelVk,31000,4,
0.808,0.768,8,-4.813,0,0.0499,0.000605,0,0.372,0.554,124.011,audio_features,2xo2fUrwrdOruV2zdNtWoP,spotify:track:2xo2fUrwrdOruV2zdNtWoP,https://api.spotify.com/v1/tracks/2xo2fUrwrdOruV2zdNtWoP,https://api.spotify.com/v1/audio-analysis/2xo2fUrwrdOruV2zdNtWoP,150653,4,
0.602,0.609,0,-7.803,1,0.0243,0.0382,0.0002,0.127,0.337,93.06,audio_features,4XMP3zVxrnr58T0tjIHvpR,spotify:track:4XMP3zVxrnr58T0tjIHvpR,https://api.spotify.com/v1/tracks/4XMP3zVxrnr58T0tjIHvpR,https://api.spotify.com/v1/audio-analysis/4XMP3zVxrnr58T0tjIHvpR,327893,4,
0.696,0.553,1,-8.702,1,0.0759,0.097,3.91e-06,0.617,0.674,114.993,audio_features,62CeNjGbvQnpQvyyGXeeDU,spotify:track:62CeNjGbvQnpQvyyGXeeDU,https://api.spotify.com/v1/tracks/62CeNjGbvQnpQvyyGXeeDU,https://api.spotify.com/v1/audio-analysis/62CeNjGbvQnpQvyyGXeeDU,63060,4,
0.924,0.737,1,-6.38,1,0.244,0.224,8.26e-05,0.0984,0.599,132.205,audio_features,72hRA4yCkXIUyotjE88AKk,spotify:track:72hRA4yCkXIUyotjE88AKk,https://api.spotify.com/v1/tracks/72hRA4yCkXIUyotjE88AKk,https://api.spotify.com/v1/audio-analysis/72hRA4yCkXIUyotjE88AKk,237348,4,
0.416,0.0818,7,-21.559,1,0.0332,0.747,0.317,0.118,0.0645,128.607,audio_features,3jONVnCbgVkVCNocvE07ZE,spotify:track:3jONVnCbgVkVCNocvE07ZE,https://api.spotify.com/v1/tracks/3jONVnCbgVkVCNocvE07ZE,https://api.spotify.com/v1/audio-analysis/3jONVnCbgVkVCNocvE07ZE,254116,4,
0.809,0.586,0,-8.315,1,0.0753,0.201,3.83e-06,0.159,0.561,134.973,audio_features,6xRnDd8w5GkPTOiHC7zxsb,spotify:track:6xRnDd8w5GkPTOiHC7zxsb,https://api.spotify.com/v1/tracks/6xRnDd8w5GkPTOiHC7zxsb,https://api.spotify.com/v1/audio-analysis/6xRnDd8w5GkPTOiHC7zxsb,131716,3,
0.573,0.545,7,-4.247,0,0.0288,0.0969,0,0.329,0.297,83.378,audio_features,7vgTNTaEz3CsBZ1N4YQalM,spotify:track:7vgTNTaEz3CsBZ1N4YQalM,https://api.spotify.com/v1/tracks/7vgTNTaEz3CsBZ1N4YQalM,https://api.spotify.com/v1/audio-analysis/7vgTNTaEz3CsBZ1N4YQalM,271387,4,
0.6,0.749,11,-6.889,1,0.0419,0.0467,0.295,0.0915,0.485,131.024,audio_features,4vjvx7Zxkb4AltGcZ0BBvI,spotify:track:4vjvx7Zxkb4AltGcZ0BBvI,https://api.spotify.com/v1/tracks/4vjvx7Zxkb4AltGcZ0BBvI,https://api.spotify.com/v1/audio-analysis/4vjvx7Zxkb4AltGcZ0BBvI,184524,4,
0.636,0.634,7,-10.01,1,0.0342,0.0364,0.147,0.0998,0.599,111.563,audio_features,24ntSW3QVJzR79lHAAOTaY,spotify:track:24ntSW3QVJzR79lHAAOTaY,https://api.spotify.com/v1/tracks/24ntSW3QVJzR79lHAAOTaY,https://api.spotify.com/v1/audio-analysis/24ntSW3QVJzR79lHAAOTaY,252812,4,
0.535,0.388,7,-9.805,0,0.155,0.507,0,0.11,0.412,106.703,audio_features,5dXWFMwD7I7zXsInONVl0H,spotify:track:5dXWFMwD7I7zXsInONVl0H,https://api.spotify.com/v1/tracks/5dXWFMwD7I7zXsInONVl0H,https://api.spotify.com/v1/audio-analysis/5dXWFMwD7I7zXsInONVl0H,174000,5,
0.462,0.191,2,-14.993,1,0.0374,0.77,0.00264,0.107,0.0996,132.034,audio_features,6gz3orrUlKresI8GShSkdq,spotify:track:6gz3orrUlKresI8GShSkdq,https://api.spotify.com/v1/tracks/6gz3orrUlKresI8GShSkdq,https://api.spotify.com/v1/audio-analysis/6gz3orrUlKresI8GShSkdq,109628,1,
0.583,0.712,3,-8.222,1,0.0538,0.263,1.02e-06,0.817,0.614,128.897,audio_features,15sxLiiChE5dCW3Y756oas,spotify:track:15sxLiiChE5dCW3Y756oas,https://api.spotify.com/v1/tracks/15sxLiiChE5dCW3Y756oas,https://api.spotify.com/v1/audio-analysis/15sxLiiChE5dCW3Y756oas,181267,4,
0.602,0.609,0,-7.803,1,0.0243,0.0382,0.0002,0.127,0.337,93.06,audio_features,1q3RiD1tIWUpGsNFADMlvl,spotify:track:1q3RiD1tIWUpGsNFADMlvl,https://api.spotify.com/v1/tracks/1q3RiD1tIWUpGsNFADMlvl,https://api.spotify.com/v1/audio-analysis/1q3RiD1tIWUpGsNFADMlvl,327893,4,
0.899,0.691,0,-7.554,1,0.0497,0.18,0.000451,0.135,0.865,107.951,audio_features,2aWVaW1p2kUc5yuKwBmRJi,spotify:track:2aWVaW1p2kUc5yuKwBmRJi,https://api.spotify.com/v1/tracks/2aWVaW1p2kUc5yuKwBmRJi,https://api.spotify.com/v1/audio-analysis/2aWVaW1p2kUc5yuKwBmRJi,125302,4,
0.595,0.741,11,-5.601,1,0.0293,0.501,0,0.383,0.706,130.047,audio_features,3VPBPBZKxQu3bqeuzz8gRm,spotify:track:3VPBPBZKxQu3bqeuzz8gRm,https://api.spotify.com/v1/tracks/3VPBPBZKxQu3bqeuzz8gRm,https://api.spotify.com/v1/audio-analysis/3VPBPBZKxQu3bqeuzz8gRm,263840,4,
0.858,0.831,9,-3.029,0,0.12,0.0977,0,0.0453,0.886,119.975,audio_features,3ax3sc1Rn99YbjyKT0HALS,spotify:track:3ax3sc1Rn99YbjyKT0HALS,https://api.spotify.com/v1/tracks/3ax3sc1Rn99YbjyKT0HALS,https://api.spotify.com/v1/audio-analysis/3ax3sc1Rn99YbjyKT0HALS,187933,4,
0.44,0.528,0,-7.809,1,0.0317,0.0171,0.00203,0.234,0.132,185.972,audio_features,3nsfB1vus2qaloUdcBZvDu,spotify:track:3nsfB1vus2qaloUdcBZvDu,https://api.spotify.com/v1/tracks/3nsfB1vus2qaloUdcBZvDu,https://api.spotify.com/v1/audio-analysis/3nsfB1vus2qaloUdcBZvDu,329160,4,
0.755,0.955,11,-3.756,1,0.121,0.0576,0.0001,0.186,0.622,123.02,audio_features,3uazfRfe8P0L6j82EnHjOW,spotify:track:3uazfRfe8P0L6j82EnHjOW,https://api.spotify.com/v1/tracks/3uazfRfe8P0L6j82EnHjOW,https://api.spotify.com/v1/audio-analysis/3uazfRfe8P0L6j82EnHjOW,208780,4,
0.702,0.692,10,-5.405,1,0.0539,0.0542,0,0.0877,0.419,144.896,audio_features,2xtP8RNbo2BEMzLX7tK7aq,spotify:track:2xtP8RNbo2BEMzLX7tK7aq,https://api.spotify.com/v1/tracks/2xtP8RNbo2BEMzLX7tK7aq,https://api.spotify.com/v1/audio-analysis/2xtP8RNbo2BEMzLX7tK7aq,204168,4,
0.698,0.838,8,-3.553,1,0.0529,0.00188,0,0.113,0.87,110.034,audio_features,3IA9LkBEVhJDOxOnh1nf8a,spotify:track:3IA9LkBEVhJDOxOnh1nf8a,https://api.spotify.com/v1/tracks/3IA9LkBEVhJDOxOnh1nf8a,https://api.spotify.com/v1/audio-analysis/3IA9LkBEVhJDOxOnh1nf8a,161894,4,
0.466,0.626,11,-8.126,1,0.0272,0.166,5.59e-05,0.103,0.318,83.01,audio_features,46OaeacE8RjnE49MB5B2Lt,spotify:track:46OaeacE8RjnE49MB5B2Lt,https://api.spotify.com/v1/tracks/46OaeacE8RjnE49MB5B2Lt,https://api.spotify.com/v1/audio-analysis/46OaeacE8RjnE49MB5B2Lt,158618,4,
